rank,french,lemma,partOfSpeech,frequencyRaw,frequencyBand,sourcePOS,sourceForms,flag,rankCorrected,english,gender,genderForms,plural,pronunciation,exampleSentence,exampleTranslation,conjugationPresent,relatedWords,commonExpressions,enrichmentStatus
1251,tribunal,tribunal,NOM,45.041,Level 3 — EVERYDAY,NOM,tribunal,,1251,court; tribunal,m,tribunaux,tribunaux,/tʁi.by.nal/,Le tribunal a rendu sa décision.,The court delivered its decision.,,tribunal; word family / related forms,common use: tribunal,enriched — Batch 3
1252,unique,unique,ADJ,44.959,Level 3 — EVERYDAY,ADJ,unique,,1252,unique; only one,m/f,uniques,uniques,/y.nik/,Cette occasion est unique.,This opportunity is unique.,,unique; word family / related forms,common use: unique,enriched — Batch 3
1253,procureur,procureur,NOM,44.94,Level 3 — EVERYDAY,NOM,procureur,,1253,prosecutor; public prosecutor,m,procureurs,procureurs,/pʁɔ.ky.ʁœʁ/,Le procureur a présenté les faits.,The prosecutor presented the facts.,,procureur; word family / related forms,common use: procureur,enriched — Batch 3
1254,désirer,désirer,VER,44.829,Level 3 — EVERYDAY,VER,désirer,,1254,to desire; wish,v,,,/de.zi.ʁe/,Je désire mieux comprendre.,I wish to understand better.,je désire; tu désires; il/elle désire; nous désirons; vous désirez; ils/elles désirent,désirer; word family / related forms,common use: désirer,enriched — Batch 3
1255,suggérer,suggérer,VER,44.804,Level 3 — EVERYDAY,VER,suggérer,,1255,to suggest,v,,,/sy.ʒe.ʁe/,Je vous suggère cette solution.,I suggest this solution to you.,je suggére; tu suggéres; il/elle suggére; nous suggérons; vous suggérez; ils/elles suggérent,suggérer; word family / related forms,common use: suggérer,enriched — Batch 3
1256,futur,futur,NOM,44.731,Level 3 — EVERYDAY,NOM,futur,,1256,future,m,futurs,futurs,/fy.tyʁ/,Nous préparons notre futur.,We are preparing our future.,,futur; word family / related forms,common use: futur,enriched — Batch 3
1257,évidemment,évidemadament,ADV,44.728,Level 3 — EVERYDAY,ADV,évidemment,,1257,obviously; evidently,adv,,,/e.vi.da.mɑ̃/,"Évidemment, je suis d'accord.","Obviously, I agree.",,évidemment; word family / related forms,common use: évidemment,enriched — Batch 3
1258,dépasser,dépasser,VER,44.693,Level 3 — EVERYDAY,VER,dépasser,,1258,to exceed; overtake; go beyond,v,,,/de.pa.se/,Il faut dépasser cette difficulté.,We need to overcome this difficulty.,je dépasse; tu dépasses; il/elle dépasse; nous dépassons; vous dépassez; ils/elles dépassent,dépasser; word family / related forms,common use: dépasser,enriched — Batch 3
1259,menace,menace,NOM,44.623,Level 3 — EVERYDAY,NOM,menace,,1259,threat,f,menaces,menaces,/mə.nas/,Cette menace est sérieuse.,This threat is serious.,,menace; word family / related forms,common use: menace,enriched — Batch 3
1260,prudent,prudent,ADJ,44.437,Level 3 — EVERYDAY,ADJ,prudent,,1260,careful; cautious,m,prudente; prudents; prudentes,prudente; prudents; prudentes,/pʁy.dɑ̃/,Il faut être prudent.,You have to be careful.,,prudent; word family / related forms,common use: prudent,enriched — Batch 3
1261,sein,sein,NOM,44.354,Level 3 — EVERYDAY,NOM,sein,,1261,breast; bosom; within,m,seins,seins,/sɛ̃/,Il travaille au sein de l'équipe.,He works within the team.,,sein; word family / related forms,common use: sein,enriched — Batch 3
1262,marche,marche,NOM,44.247,Level 3 — EVERYDAY,NOM,marche,,1262,walk; step; operation; market,f,marches,marches,/maʁʃ/,La marche me fait du bien.,Walking is good for me.,,marche; word family / related forms,common use: marche,enriched — Batch 3
1263,destin,destin,NOM,44.228,Level 3 — EVERYDAY,NOM,destin,,1263,destiny; fate,m,destins,destins,/dɛs.tɛ̃/,Il accepte son destin.,He accepts his destiny.,,destin; word family / related forms,common use: destin,enriched — Batch 3
1264,pause,pause,NOM,44.165,Level 3 — EVERYDAY,NOM,pause,,1264,break; pause,f,pauses,pauses,/poz/,Nous faisons une courte pause.,We are taking a short break.,,pause; word family / related forms,common use: pause,enriched — Batch 3
1265,rapidement,rapidement,ADV,44.161,Level 3 — EVERYDAY,ADV,rapidement,,1265,quickly; rapidly,adv,,,/ʁa.pid.mɑ̃/,Il a rapidement compris.,He quickly understood.,,rapidement; word family / related forms,common use: rapidement,enriched — Batch 3
1266,connaissance,connaissance,NOM,44.152,Level 3 — EVERYDAY,NOM,connaissance,,1266,knowledge; acquaintance,f,connaissances,connaissances,/kɔ.nɛ.sɑ̃s/,Elle a une bonne connaissance du sujet.,She has good knowledge of the subject.,,connaissance; word family / related forms,common use: connaissance,enriched — Batch 3
1267,examen,examen,NOM,44.076,Level 3 — EVERYDAY,NOM,examen,,1267,exam; examination,m,examens,examens,/ɛɡ.za.mɛ̃/,J'ai un examen demain.,I have an exam tomorrow.,,examen; word family / related forms,common use: examen,enriched — Batch 3
1268,contraire,contraire,NOM,44.057,Level 3 — EVERYDAY,NOM,contraire,,1268,opposite; contrary,m/f,contraires,contraires,/kɔ̃.tʁɛʁ/,C'est tout le contraire.,It is quite the opposite.,,contraire; word family / related forms,common use: contraire,enriched — Batch 3
1269,mêler,mêler,VER,44.057,Level 3 — EVERYDAY,VER,mêler,,1269,to mix; involve,v,,,/mɛ.le/,Ne mêlez pas ces deux sujets.,Do not mix these two subjects.,je mêle; tu mêles; il/elle mêle; nous mêlons; vous mêlez; ils/elles mêlent,mêler; word family / related forms,common use: mêler,enriched — Batch 3
1270,leçon,leçon,NOM,44.041,Level 3 — EVERYDAY,NOM,leçon,,1270,lesson,f,leçons,leçons,/lə.sɔ̃/,La leçon commence à neuf heures.,The lesson starts at nine.,,leçon; word family / related forms,common use: leçon,enriched — Batch 3
1271,principal,principal,ADJ,43.997,Level 3 — EVERYDAY,ADJ,principal,,1271,main; principal,m,principale; principaux; principales,principale; principaux; principales,/pʁɛ̃.si.pal/,C'est le principal problème.,It is the main problem.,,principal; word family / related forms,common use: principal,enriched — Batch 3
1272,étude,étude,NOM,43.94,Level 3 — EVERYDAY,NOM,étude,,1272,study; research,f,études,études,/e.tyd/,Cette étude présente des résultats intéressants.,This study presents interesting results.,,étude; word family / related forms,common use: étude,enriched — Batch 3
1273,attacher,attacher,VER,43.915,Level 3 — EVERYDAY,VER,attacher,,1273,to attach; tie,v,,,/a.ta.ʃe/,Je vais attacher le sac.,I am going to attach the bag.,je attache; tu attaches; il/elle attache; nous attachons; vous attachez; ils/elles attachent,attacher; word family / related forms,common use: attacher,enriched — Batch 3
1274,job,job,NOM,43.899,Level 3 — EVERYDAY,NOM,job,,1274,job; job/work,m,jobs,jobs,/dʒɔb/,Il cherche un nouveau job.,He is looking for a new job.,,job; word family / related forms,common use: job,enriched — Batch 3
1275,campagne,campagne,NOM,43.873,Level 3 — EVERYDAY,NOM,campagne,,1275,countryside; campaign,f,campagnes,campagnes,/kɑ̃.paɲ/,Nous passons le week-end à la campagne.,We are spending the weekend in the countryside.,,campagne; word family / related forms,common use: campagne,enriched — Batch 3
1276,shérif,shérif,NOM,43.778,Level 3 — EVERYDAY,NOM,shérif,,1276,sheriff,m,shérifs,shérifs,/ʃe.ʁif/,Le shérif arrive en ville.,The sheriff arrives in town.,,shérif; word family / related forms,common use: shérif,enriched — Batch 3
1277,l'une,un,PRO:ind,43.778,Level 3 — EVERYDAY,PRO:ind,l'une,,1277,one of them; one (feminine),f,l'une,l'une,/lyn/,L'une des portes est ouverte.,One of the doors is open.,,l'une; word family / related forms,common use: l'une,enriched — Batch 3; source-sensitive QA required
1278,ajouter,ajouter,VER,43.687,Level 3 — EVERYDAY,VER,ajouter,,1278,to add,v,,,/a.ʒu.te/,Je voudrais ajouter une information.,I would like to add some information.,je ajoute; tu ajoutes; il/elle ajoute; nous ajoutons; vous ajoutez; ils/elles ajoutent,ajouter; word family / related forms,common use: ajouter,enriched — Batch 3
1279,sort,sort,NOM,43.617,Level 3 — EVERYDAY,NOM,sort,,1279,fate; spell; lot,m,sorts,sorts,/sɔʁ/,Personne ne connaît son sort.,Nobody knows his fate.,,sort; word family / related forms,common use: sort,enriched — Batch 3
1280,sourire,sourire,VER,43.554,Level 3 — EVERYDAY,VER,sourire,,1280,to smile,v,,,/su.ʁiʁ/,Elle aime sourire aux enfants.,She likes smiling at children.,je souris; tu souris; il/elle sourit; nous sourions; vous souriez; ils/elles sourient,sourire; word family / related forms,common use: sourire,enriched — Batch 3
1281,faillir,faillir,VER,43.551,Level 3 — EVERYDAY,VER,faillir,,1281,to nearly; almost,v,,,/fa.jiʁ/,J'ai failli tomber.,I almost fell.,je faillis; tu faillis; il/elle faillit; nous faillîmes; vous faillîtes; ils/elles faillirent,faillir; word family / related forms,common use: faillir,enriched — Batch 3
1282,innocent,innocent,ADJ,43.481,Level 3 — EVERYDAY,ADJ,innocent,,1282,innocent,m,innocente; innocents; innocentes,innocente; innocents; innocentes,/i.nɔ.sɑ̃/,Il est innocent.,He is innocent.,,innocent; word family / related forms,common use: innocent,enriched — Batch 3
1283,pain,pain,NOM,43.415,Level 3 — EVERYDAY,NOM,pain,,1283,bread,m,pains,pains,/pɛ̃/,J'achète du pain frais.,I am buying fresh bread.,,pain; word family / related forms,common use: pain,enriched — Batch 3
1284,nommer,nomadamer,VER,43.332,Level 3 — EVERYDAY,VER,nommer,,1284,to name; appoint,v,,,/nɔ.me/,Le directeur va nommer un responsable.,The director will appoint someone responsible.,je nomme; tu nommes; il/elle nomme; nous nommons; vous nommez; ils/elles nomment,nommer; word family / related forms,common use: nommer,enriched — Batch 3
1285,mouvement,mouvement,NOM,43.288,Level 3 — EVERYDAY,NOM,mouvement,,1285,movement; motion,m,mouvements,mouvements,/muv.mɑ̃/,Le mouvement est très rapide.,The movement is very fast.,,mouvement; word family / related forms,common use: mouvement,enriched — Batch 3
1286,joie,joie,NOM,43.272,Level 3 — EVERYDAY,NOM,joie,,1286,joy,f,joies,joies,/ʒwa/,Cette nouvelle me remplit de joie.,This news fills me with joy.,,joie; word family / related forms,common use: joie,enriched — Batch 3
1287,responsabilité,responsabilité,NOM,43.253,Level 3 — EVERYDAY,NOM,responsabilité,,1287,responsibility,f,responsabilités,responsabilités,/ʁɛs.pɔ̃.sa.bi.li.te/,C'est une grande responsabilité.,It is a great responsibility.,,responsabilité; word family / related forms,common use: responsabilité,enriched — Batch 3
1288,écraser,écraser,VER,43.234,Level 3 — EVERYDAY,VER,écraser,,1288,to crush; squash; run over,v,,,/e.kʁa.ze/,Il ne faut pas écraser les fleurs.,You must not crush the flowers.,je écrase; tu écrases; il/elle écrase; nous écrasons; vous écrasez; ils/elles écrasent,écraser; word family / related forms,common use: écraser,enriched — Batch 3
1289,étudiant,étudiant,NOM,43.209,Level 3 — EVERYDAY,NOM,étudiant,,1289,student,m,étudiante; étudiants; étudiantes,étudiante; étudiants; étudiantes,/e.ty.djɑ̃/,L'étudiant prépare son examen.,The student is preparing his exam.,,étudiant; word family / related forms,common use: étudiant,enriched — Batch 3
1290,genou,genou,NOM,43.19,Level 3 — EVERYDAY,NOM,genou,,1290,knee,m,genoux,genoux,/ʒə.nu/,J'ai mal au genou.,My knee hurts.,,genou; word family / related forms,common use: genou,enriched — Batch 3
1291,accorder,accorder,VER,43.158,Level 3 — EVERYDAY,VER,accorder,,1291,to grant; agree; tune,v,,,/a.kɔʁ.de/,Le directeur a accordé la permission.,The director granted permission.,je accorde; tu accordes; il/elle accorde; nous accordons; vous accordez; ils/elles accordent,accorder; word family / related forms,common use: accorder,enriched — Batch 3
1292,mètre,mètre,NOM,43.152,Level 3 — EVERYDAY,NOM,mètre,,1292,meter; metre,m,mètres,mètres,/mɛtʁ/,La table mesure deux mètres.,The table measures two meters.,,mètre; word family / related forms,common use: mètre,enriched — Batch 3
1293,bâtiment,bâtiment,NOM,43.079,Level 3 — EVERYDAY,NOM,bâtiment,,1293,building,m,bâtiments,bâtiments,/bɑ.ti.mɑ̃/,Le bâtiment est ancien.,The building is old.,,bâtiment; word family / related forms,common use: bâtiment,enriched — Batch 3
1294,lait,lait,NOM,43.025,Level 3 — EVERYDAY,NOM,lait,,1294,milk,m,laits,laits,/lɛ/,Je bois du lait le matin.,I drink milk in the morning.,,lait; word family / related forms,common use: lait,enriched — Batch 3
1295,violer,violer,VER,42.946,Level 3 — EVERYDAY,VER,violer,,1295,to violate; rape,v,,,/vjɔ.le/,Personne ne doit violer la loi.,Nobody should violate the law.,je viole; tu violes; il/elle viole; nous violons; vous violez; ils/elles violent,violer; word family / related forms,common use: violer,enriched — Batch 3
1296,présence,présence,NOM,42.823,Level 3 — EVERYDAY,NOM,présence,,1296,presence,f,présences,présences,/pʁe.zɑ̃s/,Sa présence nous rassure.,His presence reassures us.,,présence; word family / related forms,common use: présence,enriched — Batch 3
1297,formidable,formidable,ADJ,42.741,Level 3 — EVERYDAY,ADJ,formidable,,1297,wonderful; tremendous,m/f,formidables,formidables,/fɔʁ.mi.dabl/,C'est une formidable nouvelle.,It is wonderful news.,,formidable; word family / related forms,common use: formidable,enriched — Batch 3
1298,mme,madame,NOM,42.703,Level 3 — EVERYDAY,NOM,mme,,1298,Mrs.; abbreviation of madame,f,Mmes,Mmes,/ma.dam/,« Mme » est l'abréviation de « madame ».,“Mme” is the abbreviation of “madame”.,,mme; word family / related forms,common use: mme,enriched — Batch 3; source-sensitive QA required
1299,saison,saison,NOM,42.658,Level 3 — EVERYDAY,NOM,saison,,1299,season,f,saisons,saisons,/sɛ.zɔ̃/,Ma saison préférée est l'été.,My favorite season is summer.,,saison; word family / related forms,common use: saison,enriched — Batch 3
1300,magie,magie,NOM,42.652,Level 3 — EVERYDAY,NOM,magie,,1300,magic,f,magies,magies,/ma.ʒi/,La magie du spectacle était impressionnante.,The magic of the show was impressive.,,magie; word family / related forms,common use: magie,enriched — Batch 3
1301,anglais,anglais,NOM,42.582,Level 3 — EVERYDAY,NOM,anglais,,1301,English; English language,m,anglais,anglais,/ɑ̃.ɡlɛ/,J'apprends l'anglais à l'université.,I am learning English at university.,,anglais; word family / related forms,common use: anglais,enriched — Batch 3; source-sensitive QA required
1302,talent,talent,NOM,42.582,Level 3 — EVERYDAY,NOM,talent,,1302,talent,m,talents,talents,/ta.lɑ̃/,Elle a beaucoup de talent.,She has a lot of talent.,,talent; word family / related forms,common use: talent,enriched — Batch 3
1303,discours,discours,NOM,42.566,Level 3 — EVERYDAY,NOM,discours,,1303,speech; discourse,m,discours,discours,/dis.kuʁ/,Le président a prononcé un discours.,The president gave a speech.,,discours; word family / related forms,common use: discours,enriched — Batch 3
1304,superbe,superbe,ADJ,42.541,Level 3 — EVERYDAY,ADJ,superbe,,1304,superb; magnificent,m/f,superbes,superbes,/sy.pɛʁb/,La vue est superbe.,The view is magnificent.,,superbe; word family / related forms,common use: superbe,enriched — Batch 3
1305,cou,cou,NOM,42.494,Level 3 — EVERYDAY,NOM,cou,,1305,neck,m,cous,cous,/ku/,J'ai mal au cou.,My neck hurts.,,cou; word family / related forms,common use: cou,enriched — Batch 3
1306,montre,montre,NOM,42.301,Level 3 — EVERYDAY,NOM,montre,,1306,watch; wristwatch,f,montres,montres,/mɔ̃tʁ/,Ma montre est arrêtée.,My watch has stopped.,,montre; word family / related forms,common use: montre,enriched — Batch 3
1307,parc,parc,NOM,42.278,Level 3 — EVERYDAY,NOM,parc,,1307,park,m,parcs,parcs,/paʁk/,Les enfants jouent dans le parc.,The children are playing in the park.,,parc; word family / related forms,common use: parc,enriched — Batch 3
1308,ouvert,ouvert,ADJ,42.218,Level 3 — EVERYDAY,ADJ,ouvert,,1308,open,m,ouverte; ouverts; ouvertes,ouverte; ouverts; ouvertes,/u.vɛʁ/,Le magasin est ouvert.,The shop is open.,,ouvert; word family / related forms,common use: ouvert,enriched — Batch 3
1309,toit,toit,NOM,42.13,Level 3 — EVERYDAY,NOM,toit,,1309,roof,m,toits,toits,/twa/,Le chat est sur le toit.,The cat is on the roof.,,toit; word family / related forms,common use: toit,enriched — Batch 3
1310,assistant,assistant,NOM,42.127,Level 3 — EVERYDAY,NOM,assistant,,1310,assistant,m,assistante; assistants; assistantes,assistante; assistants; assistantes,/a.sis.tɑ̃/,L'assistant prépare les documents.,The assistant prepares the documents.,,assistant; word family / related forms,common use: assistant,enriched — Batch 3
1311,justement,justement,ADV,42.117,Level 3 — EVERYDAY,ADV,justement,,1311,precisely; exactly; rightly,adv,,,/ʒyst.mɑ̃/,C'est justement ce que je voulais dire.,That is precisely what I wanted to say.,,justement; word family / related forms,common use: justement,enriched — Batch 3
1312,policier,policier,NOM,42.108,Level 3 — EVERYDAY,NOM,policier,,1312,police officer; policeman,m,policière; policiers; policières,policière; policiers; policières,/pɔ.li.sje/,Le policier a parlé au témoin.,The police officer spoke to the witness.,,policier; word family / related forms,common use: policier,enriched — Batch 3
1313,débrouiller,débrouiller,VER,42.019,Level 3 — EVERYDAY,VER,débrouiller,,1313,to manage; sort out,v,,,/de.bʁu.je/,Je vais me débrouiller seul.,I will manage on my own.,je débrouille; tu débrouilles; il/elle débrouille; nous débrouillons; vous débrouillez; ils/elles débrouillent,débrouiller; word family / related forms,common use: débrouiller,enriched — Batch 3
1314,labo,labo,NOM,42.013,Level 3 — EVERYDAY,NOM,labo,,1314,lab; laboratory (informal),m,labos,labos,/la.bo/,Les étudiants travaillent au labo.,The students work in the lab.,,labo; word family / related forms,common use: labo,enriched — Batch 3
1315,échouer,échouer,VER,41.896,Level 3 — EVERYDAY,VER,échouer,,1315,to fail,v,,,/e.ʃu.e/,Il a échoué à l'examen.,He failed the exam.,je échoue; tu échoues; il/elle échoue; nous échouons; vous échouez; ils/elles échouent,échouer; word family / related forms,common use: échouer,enriched — Batch 3
1316,foi,foi,NOM,41.769,Level 3 — EVERYDAY,NOM,foi,,1316,faith; belief,f,fois,fois,/fwa/,Il a foi en son équipe.,He has faith in his team.,,foi; word family / related forms,common use: foi,enriched — Batch 3
1317,condition,condition,NOM,41.759,Level 3 — EVERYDAY,NOM,condition,,1317,condition; requirement,f,conditions,conditions,/kɔ̃.di.sjɔ̃/,Les conditions sont difficiles.,The conditions are difficult.,,condition; word family / related forms,common use: condition,enriched — Batch 3
1318,ministre,ministre,NOM,41.737,Level 3 — EVERYDAY,NOM,ministre,,1318,minister,m/f,ministres,ministres,/mi.nistʁ/,Le ministre a répondu aux questions.,The minister answered the questions.,,ministre; word family / related forms,common use: ministre,enriched — Batch 3
1319,odeur,odeur,NOM,41.728,Level 3 — EVERYDAY,NOM,odeur,,1319,smell; odor,f,odeurs,odeurs,/ɔ.dœʁ/,Cette fleur a une bonne odeur.,This flower has a pleasant smell.,,odeur; word family / related forms,common use: odeur,enriched — Batch 3
1320,poulet,poulet,NOM,41.627,Level 3 — EVERYDAY,NOM,poulet,,1320,chicken,m,poulets,poulets,/pu.lɛ/,Nous mangeons du poulet ce soir.,We are eating chicken tonight.,,poulet; word family / related forms,common use: poulet,enriched — Batch 3
1321,joyeux,joyeux,ADJ,41.57,Level 3 — EVERYDAY,ADJ,joyeux,,1321,joyful; happy,m,joyeuse; joyeux; joyeuses,joyeuse; joyeux; joyeuses,/ʒwa.jø/,Ils sont très joyeux aujourd'hui.,They are very happy today.,,joyeux; word family / related forms,common use: joyeux,enriched — Batch 3
1322,plage,plage,NOM,41.557,Level 3 — EVERYDAY,NOM,plage,,1322,beach,f,plages,plages,/plaʒ/,Nous allons à la plage demain.,We are going to the beach tomorrow.,,plage; word family / related forms,common use: plage,enriched — Batch 3
1323,jardin,jardin,NOM,41.516,Level 3 — EVERYDAY,NOM,jardin,,1323,garden,m,jardins,jardins,/ʒaʁ.dɛ̃/,Il travaille dans le jardin.,He is working in the garden.,,jardin; word family / related forms,common use: jardin,enriched — Batch 3
1324,guérir,guérir,VER,41.44,Level 3 — EVERYDAY,VER,guérir,,1324,to heal; recover,v,,,/ɡe.ʁiʁ/,Elle va bientôt guérir.,She will recover soon.,je guéris; tu guéris; il/elle guérit; nous guérissons; vous guérissez; ils/elles guérissent,guérir; word family / related forms,common use: guérir,enriched — Batch 3
1325,charge,charge,NOM,41.44,Level 3 — EVERYDAY,NOM,charge,,1325,load; responsibility; charge,f,charges,charges,/ʃaʁʒ/,Cette tâche représente une grande charge.,This task represents a heavy responsibility.,,charge; word family / related forms,common use: charge,enriched — Batch 3
1326,apparaître,apparaître,VER,41.399,Level 3 — EVERYDAY,VER,apparaître,,1326,to appear,v,,,/a.pa.ʁɛtʁ/,Une solution commence à apparaître.,A solution is beginning to appear.,j'apparais; tu apparais; il/elle apparaît; nous apparaissons; vous apparaissez; ils/elles apparaissent,apparaître; word family / related forms,common use: apparaître,enriched — Batch 3
1327,arrivée,arrivée,NOM,41.285,Level 3 — EVERYDAY,NOM,arrivée,,1327,arrival,f,arrivées,arrivées,/a.ʁi.ve/,L'arrivée du train est prévue à huit heures.,The train's arrival is scheduled for eight.,,arrivée; word family / related forms,common use: arrivée,enriched — Batch 3
1328,fan,fan,NOM,41.19,Level 3 — EVERYDAY,NOM,fan,,1328,fan; enthusiast,m/f,fans,fans,/fan/,Elle est fan de cette chanteuse.,She is a fan of this singer.,,fan; word family / related forms,common use: fan,enriched — Batch 3
1329,malheureusement,malheureusement,ADV,41.146,Level 3 — EVERYDAY,ADV,malheureusement,,1329,unfortunately,adv,,,/ma.lœ.ʁøz.mɑ̃/,"Malheureusement, nous sommes en retard.","Unfortunately, we are late.",,malheureusement; word family / related forms,common use: malheureusement,enriched — Batch 3
1330,déclarer,déclarer,VER,41.139,Level 3 — EVERYDAY,VER,déclarer,,1330,to declare; state,v,,,/de.kla.ʁe/,Il a déclaré la vérité.,He stated the truth.,je déclare; tu déclares; il/elle déclare; nous déclarons; vous déclarez; ils/elles déclarent,déclarer; word family / related forms,common use: déclarer,enriched — Batch 3
1331,couler,couler,VER,41.041,Level 3 — EVERYDAY,VER,couler,,1331,to flow; sink; run,v,,,/ku.le/,L'eau commence à couler.,The water begins to flow.,je coule; tu coules; il/elle coule; nous coulons; vous coulez; ils/elles coulent,couler; word family / related forms,common use: couler,enriched — Batch 3
1332,vitesse,vitesse,NOM,41.025,Level 3 — EVERYDAY,NOM,vitesse,,1332,speed,f,vitesses,vitesses,/vi.tɛs/,La voiture roule à grande vitesse.,The car is travelling at high speed.,,vitesse; word family / related forms,common use: vitesse,enriched — Batch 3
1333,os,os,NOM,40.858,Level 3 — EVERYDAY,NOM,os,,1333,bone,m,os,os,/ɔs/,Le chien mange un os.,The dog is eating a bone.,,os; word family / related forms,common use: os,enriched — Batch 3
1334,indiquer,indiquer,VER,40.848,Level 3 — EVERYDAY,VER,indiquer,,1334,to indicate; point out,v,,,/ɛ̃.di.ke/,Pouvez-vous indiquer le chemin ?,Can you point out the way?,je indique; tu indiques; il/elle indique; nous indiquons; vous indiquez; ils/elles indiquent,indiquer; word family / related forms,common use: indiquer,enriched — Batch 3
1335,coffre,coffre,NOM,40.842,Level 3 — EVERYDAY,NOM,coffre,,1335,trunk; chest; safe,m,coffres,coffres,/kɔfʁ/,Les valises sont dans le coffre.,The suitcases are in the trunk.,,coffre; word family / related forms,common use: coffre,enriched — Batch 3
1336,gêner,gêner,VER,40.835,Level 3 — EVERYDAY,VER,gêner,,1336,to bother; hinder; embarrass,v,,,/ʒe.ne/,La lumière me gêne.,The light bothers me.,je gêne; tu gênes; il/elle gêne; nous gênons; vous gênez; ils/elles gênent,gêner; word family / related forms,common use: gêner,enriched — Batch 3
1337,génie,génie,NOM,40.826,Level 3 — EVERYDAY,NOM,génie,,1337,genius; genius/spirit,m,génies,génies,/ʒe.ni/,Tout le monde reconnaît son génie.,Everyone recognizes his genius.,,génie; word family / related forms,common use: génie,enriched — Batch 3
1338,bloquer,bloquer,VER,40.756,Level 3 — EVERYDAY,VER,bloquer,,1338,to block; lock; jam,v,,,/blɔ.ke/,La porte est bloquée.,The door is blocked.,je bloque; tu bloques; il/elle bloque; nous bloquons; vous bloquez; ils/elles bloquent,bloquer; word family / related forms,common use: bloquer,enriched — Batch 3
1339,amusant,amusant,ADJ,40.734,Level 3 — EVERYDAY,ADJ,amusant,,1339,funny; amusing,m,amusante; amusants; amusantes,amusante; amusants; amusantes,/a.my.zɑ̃/,Le film est vraiment amusant.,The film is really funny.,,amusant; word family / related forms,common use: amusant,enriched — Batch 3
1340,infirmier,infirmier,NOM,40.684,Level 3 — EVERYDAY,NOM,infirmier,,1340,nurse,m,infirmière; infirmiers; infirmières,infirmière; infirmiers; infirmières,/ɛ̃.fiʁ.mje/,L'infirmier s'occupe du patient.,The nurse is taking care of the patient.,,infirmier; word family / related forms,common use: infirmier,enriched — Batch 3
1341,flingue,flingue,NOM,40.661,Level 3 — EVERYDAY,NOM,flingue,,1341,gun; firearm (informal),m,flingues,flingues,/flɛ̃ɡ/,Le personnage porte un flingue.,The character is carrying a gun.,,flingue; word family / related forms,common use: flingue,enriched — Batch 3; source-sensitive QA required
1342,autoriser,autoriser,VER,40.661,Level 3 — EVERYDAY,VER,autoriser,,1342,to authorize; allow,v,,,/ɔ.tɔ.ʁi.ze/,Le règlement n'autorise pas cela.,The rules do not allow that.,je autorise; tu autorises; il/elle autorise; nous autorisons; vous autorisez; ils/elles autorisent,autoriser; word family / related forms,common use: autoriser,enriched — Batch 3
1343,folie,folie,NOM,40.649,Level 3 — EVERYDAY,NOM,folie,,1343,madness; craziness,f,folies,folies,/fɔ.li/,Ce serait une folie de partir maintenant.,It would be madness to leave now.,,folie; word family / related forms,common use: folie,enriched — Batch 3
1344,majesté,majesté,NOM,40.639,Level 3 — EVERYDAY,NOM,majesté,,1344,majesty,f,majestés,majestés,/ma.ʒɛs.te/,Sa Majesté est arrivée.,His Majesty has arrived.,,majesté; word family / related forms,common use: majesté,enriched — Batch 3
1345,également,également,ADV,40.617,Level 3 — EVERYDAY,ADV,également,,1345,also; equally,adv,,,/e.ɡal.mɑ̃/,Elle parle également espagnol.,She also speaks Spanish.,,également; word family / related forms,common use: également,enriched — Batch 3
1346,soigner,soigner,VER,40.608,Level 3 — EVERYDAY,VER,soigner,,1346,to care for; treat; look after,v,,,/swa.ɲe/,Le médecin soigne le patient.,The doctor treats the patient.,je soigne; tu soignes; il/elle soigne; nous soignons; vous soignez; ils/elles soignent,soigner; word family / related forms,common use: soigner,enriched — Batch 3
1347,parfaitement,parfaitement,ADV,40.604,Level 3 — EVERYDAY,ADV,parfaitement,,1347,perfectly,adv,,,/paʁ.fɛt.mɑ̃/,Je comprends parfaitement.,I understand perfectly.,,parfaitement; word family / related forms,common use: parfaitement,enriched — Batch 3
1348,pantalon,pantalon,NOM,40.582,Level 3 — EVERYDAY,NOM,pantalon,,1348,trousers; pants,m,pantalons,pantalons,/pɑ̃.ta.lɔ̃/,J'ai acheté un nouveau pantalon.,I bought new trousers.,,pantalon; word family / related forms,common use: pantalon,enriched — Batch 3
1349,malgré,malgré,PRE,40.478,Level 3 — EVERYDAY,PRE,malgré,,1349,despite; in spite of,prep,,,/ma.lɡʁe/,"Malgré la pluie, nous sommes sortis.","Despite the rain, we went out.",,malgré; word family / related forms,common use: malgré,enriched — Batch 3
1350,marre,marre,ADV,40.478,Level 3 — EVERYDAY,ADV,marre,,1350,fed up; had enough,f,marr(e)s,marr(e)s,/maʁ/,J'en ai marre d'attendre.,I'm fed up with waiting.,,marre; word family / related forms,common use: marre,enriched — Batch 3; source-sensitive QA required
1351,observer,observer,VER,40.475,Level 3 — EVERYDAY,VER,observer,,1351,to observe; watch,v,,,/ɔp.sɛʁ.ve/,Les élèves observent l'expérience.,The students observe the experiment.,je observe; tu observes; il/elle observe; nous observons; vous observez; ils/elles observent,observer; word family / related forms,common use: observer,enriched — Batch 3
1352,là-haut,là-haut,ADV,40.456,Level 3 — EVERYDAY,ADV,là-haut,,1352,up there; up above,adv,,,/la o/,Le village est là-haut.,The village is up there.,,là-haut; word family / related forms,common use: là-haut,enriched — Batch 3
1353,mm,mm,NOM,40.405,Level 3 — EVERYDAY,NOM,mm,,1353,millimetre; mm abbreviation,m,,,/mi.li.mɛtʁ/,La pièce mesure cinq mm.,The piece measures five mm.,,mm; word family / related forms,common use: mm,enriched — Batch 3; source-sensitive QA required
1354,nu,nu,ADJ,40.367,Level 3 — EVERYDAY,ADJ,nu,,1354,naked; bare; bare/empty,m,nue; nus; nues,nue; nus; nues,/ny/,Le mur est encore nu.,The wall is still bare.,,nu; word family / related forms,common use: nu,enriched — Batch 3
1355,détective,détective,NOM,40.361,Level 3 — EVERYDAY,NOM,détective,,1355,detective,m/f,détectives,détectives,/de.tɛk.tiv/,Le détective cherche des indices.,The detective is looking for clues.,,détective; word family / related forms,common use: détective,enriched — Batch 3
1356,limite,limite,NOM,40.288,Level 3 — EVERYDAY,NOM,limite,,1356,limit; boundary,f,limites,limites,/li.mit/,Nous avons atteint la limite.,We have reached the limit.,,limite; word family / related forms,common use: limite,enriched — Batch 3
1357,théorie,théorie,NOM,40.247,Level 3 — EVERYDAY,NOM,théorie,,1357,theory,f,théories,théories,/te.ɔ.ʁi/,Cette théorie est difficile à vérifier.,This theory is difficult to verify.,,théorie; word family / related forms,common use: théorie,enriched — Batch 3
1358,émission,émission,NOM,40.247,Level 3 — EVERYDAY,NOM,émission,,1358,program; broadcast; emission,f,émissions,émissions,/e.mi.sjɔ̃/,J'ai regardé une émission hier soir.,I watched a program last night.,,émission; word family / related forms,common use: émission,enriched — Batch 3
1359,trésor,trésor,NOM,40.237,Level 3 — EVERYDAY,NOM,trésor,,1359,treasure,m,trésors,trésors,/tʁe.zɔʁ/,Ils cherchent un trésor caché.,They are looking for hidden treasure.,,trésor; word family / related forms,common use: trésor,enriched — Batch 3
1360,piège,piège,NOM,40.218,Level 3 — EVERYDAY,NOM,piège,,1360,trap; trick,m,pièges,pièges,/pjɛʒ/,"Attention, c'est un piège.","Careful, it is a trap.",,piège; word family / related forms,common use: piège,enriched — Batch 3
1361,propriétaire,propriétaire,NOM,40.184,Level 3 — EVERYDAY,NOM,propriétaire,,1361,owner; landlord,m/f,propriétaires,propriétaires,/pʁɔ.pʁi.je.tɛʁ/,Le propriétaire habite à côté.,The owner lives next door.,,propriétaire; word family / related forms,common use: propriétaire,enriched — Batch 3
1362,collègue,collègue,NOM,40.184,Level 3 — EVERYDAY,NOM,collègue,,1362,colleague,m/f,collègues,collègues,/kɔ.lɛɡ/,Mon collègue arrive demain.,My colleague arrives tomorrow.,,collègue; word family / related forms,common use: collègue,enriched — Batch 3
1363,arracher,arracher,VER,40.165,Level 3 — EVERYDAY,VER,arracher,,1363,to tear out; pull off,v,,,/a.ʁa.ʃe/,Il faut arracher les mauvaises herbes.,We need to pull out the weeds.,je arrache; tu arraches; il/elle arrache; nous arrachons; vous arrachez; ils/elles arrachent,arracher; word family / related forms,common use: arracher,enriched — Batch 3
1364,envers,envers,PRE,40.117,Level 3 — EVERYDAY,PRE,envers,,1364,toward; towards; with regard to,prep,,,/ɑ̃.vɛʁ/,Il est respectueux envers ses parents.,He is respectful toward his parents.,,envers; word family / related forms,common use: envers,enriched — Batch 3
1365,fabriquer,fabriquer,VER,40.063,Level 3 — EVERYDAY,VER,fabriquer,,1365,to make; manufacture,v,,,/fa.bʁi.ke/,Cette entreprise fabrique des meubles.,This company manufactures furniture.,je fabrique; tu fabriques; il/elle fabrique; nous fabriquons; vous fabriquez; ils/elles fabriquent,fabriquer; word family / related forms,common use: fabriquer,enriched — Batch 3
1366,criminel,criminel,NOM,40.022,Level 3 — EVERYDAY,NOM,criminel,,1366,criminal; criminal offender,m,criminelle; criminels; criminelles,criminelle; criminels; criminelles,/kʁi.mi.nɛl/,La police recherche le criminel.,The police are looking for the criminal.,,criminel; word family / related forms,common use: criminel,enriched — Batch 3
1367,donnée,donnée,NOM,39.94,Level 3 — EVERYDAY,NOM,donnée,,1367,data; piece of data,f,données,données,/dɔ.ne/,Cette donnée est importante.,This piece of data is important.,,donnée; word family / related forms,common use: donnée,enriched — Batch 3
1368,date,date,NOM,39.934,Level 3 — EVERYDAY,NOM,date,,1368,date,f,dates,dates,/dat/,Quelle est la date aujourd'hui ?,What is today's date?,,date; word family / related forms,common use: date,enriched — Batch 3
1369,cinéma,cinéma,NOM,39.93,Level 3 — EVERYDAY,NOM,cinéma,,1369,cinema; movie theater,m,cinémas,cinémas,/si.ne.ma/,Nous allons au cinéma ce soir.,We are going to the cinema tonight.,,cinéma; word family / related forms,common use: cinéma,enriched — Batch 3
1370,passage,passage,NOM,39.915,Level 3 — EVERYDAY,NOM,passage,,1370,passage; crossing; excerpt,m,passages,passages,/pa.saʒ/,Ce passage du livre est important.,This passage of the book is important.,,passage; word family / related forms,common use: passage,enriched — Batch 3
1371,in,in,ADJ,39.785,Level 3 — EVERYDAY,ADJ,in,,1371,in; fashionable; abbreviation/English loan,adj,,,/ɛ̃/,Le mot « in » est parfois utilisé en français.,The word “in” is sometimes used in French.,,in; word family / related forms,common use: in,enriched — Batch 3; source-sensitive QA required
1372,informer,informer,VER,39.725,Level 3 — EVERYDAY,VER,informer,,1372,to inform,v,,,/ɛ̃.fɔʁ.me/,Je vais vous informer de la situation.,I will inform you of the situation.,je informe; tu informes; il/elle informe; nous informons; vous informez; ils/elles informent,informer; word family / related forms,common use: informer,enriched — Batch 3
1373,balancer,balancer,VER,39.706,Level 3 — EVERYDAY,VER,balancer,,1373,to swing; throw; dump; tell,v,,,/ba.lɑ̃.se/,Il balance le sac sur la table.,He throws the bag onto the table.,je balance; tu balances; il/elle balance; nous balancons; vous balancez; ils/elles balancent,balancer; word family / related forms,common use: balancer,enriched — Batch 3
1374,siècle,siècle,NOM,39.551,Level 3 — EVERYDAY,NOM,siècle,,1374,century,m,siècles,siècles,/sjɛkl/,Nous vivons au vingt-et-unième siècle.,We live in the twenty-first century.,,siècle; word family / related forms,common use: siècle,enriched — Batch 3
1375,marquer,marquer,VER,39.516,Level 3 — EVERYDAY,VER,marquer,,1375,to mark; score; indicate,v,,,/maʁ.ke/,Il veut marquer un but.,He wants to score a goal.,je marque; tu marques; il/elle marque; nous marquons; vous marquez; ils/elles marquent,marquer; word family / related forms,common use: marquer,enriched — Batch 3
